<?xml version='1.0' encoding='utf-8'?>
<Deployment AppPlatformVersion="8.0" xmlns="http://schemas.microsoft.com/windowsphone/2012/deployment">
    <DefaultLanguage code="en-US" xmlns="" />
    <Languages xmlns="">
        <Language code="en-US" />
    </Languages>
    <App Author="STC團隊" BitsPerPixel="32" Description="" Genre="apps.normal" ProductID="{b8ac0b70-5f64-11e6-aed0-c75327bb0a0e}" Publisher="STC團隊" PublisherID="{db093ed5-53b1-45f7-af72-751e8f36ab80}" RuntimeType="Silverlight" Title="嘉義快的好方便" Version="1.3.0" xmlns="">
        <IconPath IsRelative="true" IsResource="false">ApplicationIcon.png</IconPath>
        <Capabilities>
            <Capability Name="ID_CAP_WEBBROWSERCOMPONENT" />
            <Capability Name="ID_CAP_NETWORKING" />
            <Capability Name="ID_CAP_IDENTITY_DEVICE" />
            <Capability Name="ID_CAP_LOCATION" />
        </Capabilities>
        <Tasks>
            <DefaultTask Name="_default" NavigationPage="MainPage.xaml">
                <BackgroundExecution>
                    <ExecutionType Name="LocationTracking" />
                </BackgroundExecution>
            </DefaultTask>
        </Tasks>
        <Tokens>
            <PrimaryToken TaskName="_default" TokenID="嘉義快的好方便">
                <TemplateFlip>
                    <SmallImageURI IsRelative="true" IsResource="false">Background.png</SmallImageURI>
                    <Count>0</Count>
                    <BackgroundImageURI IsRelative="true" IsResource="false">Background.png</BackgroundImageURI>
                    <Title>智慧交通行事曆</Title>
                    <BackContent />
                    <BackBackgroundImageURI />
                    <BackTitle />
                    <LargeBackgroundImageURI />
                    <LargeBackContent />
                    <LargeBackBackgroundImageURI />
                    <DeviceLockImageURI />
                    <HasLarge>false</HasLarge>
                </TemplateFlip>
            </PrimaryToken>
        </Tokens>
        <ScreenResolutions>
            <ScreenResolution Name="ID_RESOLUTION_WVGA" />
            <ScreenResolution Name="ID_RESOLUTION_WXGA" />
            <ScreenResolution Name="ID_RESOLUTION_HD720P" />
        </ScreenResolutions>
    </App>
</Deployment>
