{
    "prepare_queue": {
        "installed": [],
        "uninstalled": []
    },
    "config_munge": {
        "files": {
            "config.xml": {
                "parents": {
                    "/*": [
                        {
                            "xml": "<feature name=\"Device\"><param name=\"wp-package\" value=\"Device\" /></feature>",
                            "count": 1
                        },
                        {
                            "xml": "<feature name=\"BackgroundMode\"><param name=\"wp-package\" value=\"BackgroundMode\" /></feature>",
                            "count": 1
                        },
                        {
                            "xml": "<feature name=\"NetworkStatus\"><param name=\"wp-package\" value=\"NetworkStatus\" /></feature>",
                            "count": 1
                        },
                        {
                            "xml": "<feature name=\"Vibration\"><param name=\"wp-package\" value=\"Vibration\" /></feature>",
                            "count": 1
                        },
                        {
                            "xml": "<feature name=\"SplashScreen\"><param name=\"wp-package\" value=\"SplashScreen\" /><param name=\"onload\" value=\"true\" /></feature>",
                            "count": 1
                        }
                    ]
                }
            },
            "Properties/WMAppManifest.xml": {
                "parents": {
                    "/Deployment/App/Capabilities": [
                        {
                            "xml": "<Capability Name=\"ID_CAP_IDENTITY_DEVICE\" />",
                            "count": 1
                        },
                        {
                            "xml": "<Capability Name=\"ID_CAP_LOCATION\" />",
                            "count": 1
                        },
                        {
                            "xml": "<Capability Name=\"ID_CAP_NETWORKING\" />",
                            "count": 1
                        }
                    ],
                    "/Deployment/App/Tasks/DefaultTask": [
                        {
                            "xml": "<BackgroundExecution><ExecutionType Name=\"LocationTracking\" /></BackgroundExecution>",
                            "count": 1
                        }
                    ]
                }
            }
        }
    },
    "installed_plugins": {
        "cordova-plugin-device": {
            "PACKAGE_NAME": "{b8ac0b70-5f64-11e6-aed0-c75327bb0a0e}"
        },
        "cordova-plugin-background-mode": {
            "PACKAGE_NAME": "{b8ac0b70-5f64-11e6-aed0-c75327bb0a0e}"
        },
        "cordova-plugin-network-information": {
            "PACKAGE_NAME": "{b8ac0b70-5f64-11e6-aed0-c75327bb0a0e}"
        },
        "cordova-plugin-vibration": {
            "PACKAGE_NAME": "{b8ac0b70-5f64-11e6-aed0-c75327bb0a0e}"
        },
        "cordova-plugin-whitelist": {
            "PACKAGE_NAME": "{b8ac0b70-5f64-11e6-aed0-c75327bb0a0e}"
        },
        "cordova-plugin-splashscreen": {
            "PACKAGE_NAME": "{b8ac0b70-5f64-11e6-aed0-c75327bb0a0e}"
        }
    },
    "dependent_plugins": {},
    "modules": [
        {
            "file": "plugins/cordova-plugin-device/www/device.js",
            "id": "cordova-plugin-device.device",
            "pluginId": "cordova-plugin-device",
            "clobbers": [
                "device"
            ]
        },
        {
            "file": "plugins/cordova-plugin-background-mode/www/background-mode.js",
            "id": "cordova-plugin-background-mode.BackgroundMode",
            "pluginId": "cordova-plugin-background-mode",
            "clobbers": [
                "cordova.plugins.backgroundMode",
                "plugin.backgroundMode"
            ]
        },
        {
            "file": "plugins/cordova-plugin-network-information/www/network.js",
            "id": "cordova-plugin-network-information.network",
            "pluginId": "cordova-plugin-network-information",
            "clobbers": [
                "navigator.connection",
                "navigator.network.connection"
            ]
        },
        {
            "file": "plugins/cordova-plugin-network-information/www/Connection.js",
            "id": "cordova-plugin-network-information.Connection",
            "pluginId": "cordova-plugin-network-information",
            "clobbers": [
                "Connection"
            ]
        },
        {
            "file": "plugins/cordova-plugin-vibration/www/vibration.js",
            "id": "cordova-plugin-vibration.notification",
            "pluginId": "cordova-plugin-vibration",
            "merges": [
                "navigator.notification",
                "navigator"
            ]
        },
        {
            "file": "plugins/cordova-plugin-splashscreen/www/splashscreen.js",
            "id": "cordova-plugin-splashscreen.SplashScreen",
            "pluginId": "cordova-plugin-splashscreen",
            "clobbers": [
                "navigator.splashscreen"
            ]
        }
    ],
    "plugin_metadata": {
        "cordova-plugin-device": "1.1.2",
        "cordova-plugin-background-mode": "0.6.5",
        "cordova-plugin-network-information": "1.2.1",
        "cordova-plugin-vibration": "2.1.1",
        "cordova-plugin-whitelist": "1.2.2",
        "cordova-plugin-splashscreen": "4.0.0"
    }
}